{
  "formvalidation": [
    {
      "ADD": "Robert Robertson, 1234 NW Bobcat Lane, St. Robert, MO 65584-5678.",
      "Location": "4321`rgfedwqsa",
      "Flavour": "4321",
      "DateRequired": "2024-05-15T18:30:00.000Z",
      "ContactNumber": "1111111111",
      "Email": "mathew@gmail.com",
      "UserName": "vijay",
      "id": 10
    },
    {
      "ADD": "Robert Robertson, 1234 NW Bobcat Lane, St. Robert, MO 65584-5678.",
      "Location": "4321`rgfedwqsa",
      "Flavour": "4321",
      "DateRequired": "2024-05-15T18:30:00.000Z",
      "ContactNumber": "1111111111",
      "Email": "mathew@gmail.com",
      "UserName": "varun",
      "id": 11
    },
    {
      "ADD": "Robert Robertson, 1234 NW Bobcat Lane, St. Robert, MO 65584-5678.",
      "Location": "12/cdscsd/bvhfytvvbvche",
      "Flavour": "mango",
      "DateRequired": "2024-05-15T18:30:00.000Z",
      "ContactNumber": "1212121212",
      "Email": "mathew@gmail.com",
      "UserName": "Aneesh",
      "id": 12
    },
    {
      "ADD": "Robert Robertson, 1234 NW Bobcat Lane, St. Robert, MO 65584-5678.",
      "Location": "4321`rgfedwqsa",
      "Flavour": "orange",
      "DateRequired": "2024-05-21T18:30:00.000Z",
      "ContactNumber": "9078563422",
      "Email": "mathew@gmail.com",
      "UserName": "Arun",
      "id": 14
    },
    {
      "ADD": "Robert Robertson, 1234 NW Bobcat Lane, St. Robert, MO 65584-5678.",
      "Location": "4321`rgfedwqsa",
      "Flavour": "DarkChocolate",
      "DateRequired": "2024-05-29T18:30:00.000Z",
      "ContactNumber": "9078563422",
      "Email": "abivarun@gmail.com",
      "UserName": "Abi",
      "id": 15
    },
    {
      "ADD": "btevrecqwDS",
      "Location": "4321`rgfedwqsa",
      "Flavour": "DarkChocolate",
      "DateRequired": "2024-06-07T18:30:00.000Z",
      "ContactNumber": "9078563422",
      "Email": "mathew@gmail.com",
      "UserName": "Mathew",
      "id": 16
    },
    {
      "ADD": "Robert Robertson, 1234 NW Bobcat Lane, St. Robert, MO 65584-5678.",
      "Location": "4321`rgfedwqsa",
      "Flavour": "DarkChocolate",
      "DateRequired": "2024-05-01T18:30:00.000Z",
      "ContactNumber": "9078563422",
      "Email": "abivarun@gmail.com",
      "UserName": "ANISH",
      "id": 19
    },
    {
      "ADD": "Robert Robertson, 1234 NW Bobcat Lane, St. Robert, MO 65584-5678.",
      "Location": "4321`rgfedwqsa",
      "Flavour": "orange",
      "DateRequired": "2024-05-28T18:30:00.000Z",
      "ContactNumber": "9078563422",
      "Email": "mathew@gmail.com",
      "UserName": "kminchelle",
      "id": 20
    },
    {
      "AdditionalDetail": "12/23-5 alloooor ewdererrwrv fyfd6fdygfdycfcyuygfuguih",
      "Location": "4321`rgfedwqsa",
      "Flavour": "orange",
      "DateRequired": "2024-05-07T18:30:00.000Z",
      "ContactNumber": "7869564323",
      "Email": "abivarun@gmail.com",
      "UserName": "Mari",
      "Additional Detail": "12/23-5 alloooor ewdererrwrv fyfd6fdygfdycfcyuygfuguih",
      "id": 21,
      "ADD": "Robert Robertson, 1234 NW Bobcat Lane, St. Robert, MO 65584-5678."
    },
    {
      "ADD": "Robert Robertson, 1234 NW Bobcat Lane, St. Robert, MO 65584-5678.",
      "Location": "4321`rgfedwqsa",
      "Flavour": "DarkChocolate",
      "DateRequired": "2024-05-15T18:30:00.000Z",
      "ContactNumber": "9078563422",
      "Email": "kannan1232@gmail.com",
      "UserName": "Kannan",
      "id": 23
    },
    {
      "ADD": "Robert Robertson, 1234 NW Bobcat Lane, St. Robert, MO 65584-5678.",
      "Location": "4321`rgfedwqsa",
      "Flavour": "grqgregqg",
      "DateRequired": "2024-05-09T18:30:00.000Z",
      "ContactNumber": "1232444443",
      "Email": "abivarun@gmail.com",
      "UserName": "Felix",
      "id": 25
    },
    {
      "ADD": "Robert Robertson, 1234 NW Bobcat Lane, St. Robert, MO 65584-5678.",
      "Location": "4321`rgfedwqsa",
      "Flavour": "orange",
      "DateRequired": "2024-05-01T18:30:00.000Z",
      "ContactNumber": "9078563422",
      "Email": "abivarun@gmail.com",
      "UserName": "Arjun",
      "id": 26
    },
    {
      "ADD": "Robert Robertson, 1234 NW Bobcat Lane, St. Robert, MO 65584-5678.",
      "Location": "",
      "Flavour": "orange",
      "DateRequired": "2024-05-10T18:30:00.000Z",
      "ContactNumber": "7869564323",
      "Email": "kkarnankk@gmail.com",
      "UserName": "karnan",
      "id": 27
    },
    {
      "ADD": "12/43-647vhfgyfgyvhvhygvyhgyuguyguhujh",
      "Location": "Robert Robertson, 1234 NW Bobcat Lane, St. R Robertson, 1234 NW Bobcat Lane, St. Robert, MO 65584-5678. St. Robert, MO 65584-5678.",
      "Flavour": "mango",
      "DateRequired": "2024-05-01T18:30:00.000Z",
      "ContactNumber": "7869564323",
      "Email": "mathew@gmail.com",
      "UserName": "prabhu",
      "id": 28
    }
  ]
}